Услуга,Начало оказания услуги,Клиент
Урок в группе французского языка для школьников,16.11.2019 11:20,Суворова
Индивидуальный онлайн-урок немецкого языка по Skype,11.01.2019 18:10,Колобова
Киноклуб итальянского языка для студентов,01.12.2019 14:40,Колобова
Интенсивный онлайн-курс португальского языка для компаний по Skype,11.02.2019 13:30,Колобова
Урок в группе китайского языка для взрослых,10.09.2019 18:20,Селиверстов
Урок в группе китайского языка для студентов,12.02.2019 19:40,Куликова
Занятие с репетитором-носителем французского языка,04.04.2019 9:10,Бобылёв
Урок в группе испанского языка для взрослых,15.05.2019 9:20,Киселёв
Урок в группе немецкого языка для школьников,16.01.2019 14:20,Комиссарова
Урок в группе английского языка для взрослых,16.01.2019 9:00,Бобров
Урок в группе немецкого языка для школьников,15.03.2019 10:50,Казаков
Индивидуальный онлайн-урок немецкого языка по Skype,31.01.2019 12:00,Андреева
Интенсивный онлайн-курс немецкого языка для компаний по Skype,19.11.2019 15:50,Андреев
Подготовка к экзамену TOEFL,10.01.2019 8:30,Калашников
Урок в группе немецкого языка для школьников,29.04.2019 15:00,Федотова
Киноклуб немецкого языка для детей,12.10.2019 8:50,Агафонов
Урок в группе китайского языка для школьников,13.02.2019 18:00,Куликова
Интенсивный онлайн-курс немецкого языка для компаний по Skype,01.02.2019 18:00,Калашников
Интенсивный курс с преподавателем-носителем немецкого языка для компаний,12.11.2019 18:50,Бобров
Киноклуб португальского языка для детей,11.01.2019 12:50,Большаков
Киноклуб португальского языка для студентов,23.03.2019 19:50,Александров
Киноклуб французского языка для взрослых,23.06.2019 8:00,Агафонов
Интенсивный курс с преподавателем-носителем английского языка для компаний,25.05.2019 17:10,Некрасов
Интенсивный онлайн-курс китайского языка для компаний по Skype,18.02.2019 18:20,Большаков
Киноклуб немецкого языка для взрослых,17.07.2019 8:20,Федотова
Занятие с репетитором-носителем французского языка,06.08.2019 16:50,Федотова
Киноклуб итальянского языка для детей,14.12.2019 8:40,Васильев
Подготовка к экзамену IELTS Speaking Club,28.06.2019 14:20,Зуев
Интенсивный курс итальянского языка с русскоязычным преподавателем для компаний,06.06.2019 19:20,Куликова
Киноклуб португальского языка для студентов,07.06.2019 17:20,Бобылёв
Урок в группе английского языка для школьников,30.04.2019 18:10,Воронова
Киноклуб португальского языка для детей,30.08.2019 11:40,Андреев
Урок в группе испанского языка для взрослых,08.05.2019 14:10,Ефремов
Индивидуальный урок итальянского языка с русскоязычным преподавателем,27.10.2019 16:20,Беляева
Киноклуб немецкого языка для взрослых,05.01.2019 8:40,Бобров
Индивидуальный урок испанского языка с преподавателем-носителем языка,04.03.2019 17:20,Зуев
Индивидуальный урок немецкого языка с русскоязычным преподавателем,29.09.2019 13:40,Егорова
Киноклуб китайского языка для студентов,22.01.2019 10:50,Ефимова
Интенсивный онлайн-курс немецкого языка для компаний по Skype,19.12.2019 19:30,Бобров
Подготовка к экзамену ACT,15.11.2019 17:50,Гущина
Индивидуальный урок французского языка с преподавателем-носителем языка,04.07.2019 17:10,Баранова
Индивидуальный онлайн-урок немецкого языка по Skype,06.08.2019 11:50,Киселёв
Киноклуб немецкого языка для детей,09.11.2019 13:00,Федотова
Индивидуальный урок английского языка с преподавателем-носителем языка,16.02.2019 18:50,Бобылёв
Индивидуальный урок немецкого языка с русскоязычным преподавателем,03.03.2019 17:20,Ершов
Урок в группе английского языка для школьников,22.05.2019 16:10,Степанова
Урок в группе французского языка для школьников,31.07.2019 18:10,Кузьмина
Индивидуальный урок испанского языка с преподавателем-носителем языка,29.08.2019 19:00,Комиссарова
Киноклуб немецкого языка для взрослых,02.10.2019 10:10,Киселёв
Индивидуальный онлайн-урок немецкого языка по Skype,16.03.2019 11:30,Костина
Подготовка к экзамену ACT,27.08.2019 11:40,Агафонов
Индивидуальный урок итальянского языка с русскоязычным преподавателем,13.06.2019 11:30,Абрамов
Киноклуб немецкого языка для детей,18.08.2019 16:00,Попова
Урок в группе английского языка для взрослых,26.12.2019 16:30,Горбачёв
Урок в группе итальянского языка для взрослых,27.11.2019 18:50,Морозов
Киноклуб немецкого языка для взрослых,06.09.2019 19:20,Медведев
Занятие с русскоязычным репетитором английского языка,24.09.2019 13:40,Воронова
Интенсивный курс с преподавателем-носителем португальского языка для компаний,01.03.2019 11:50,Гущина
Урок в группе итальянского языка для взрослых,28.09.2019 10:00,Турова
Занятие с репетитором-носителем французского языка,20.03.2019 10:40,Волков
Киноклуб немецкого языка для детей,27.11.2019 11:30,Корнилова
Занятие с репетитором-носителем немецкого языка,23.01.2019 18:30,Казаков
Индивидуальный урок испанского языка с преподавателем-носителем языка,21.10.2019 10:20,Ефимова
Занятие с репетитором-носителем французского языка,11.08.2019 12:50,Голубев
Киноклуб немецкого языка для взрослых,03.01.2019 14:40,Орлова
Интенсивный онлайн-курс немецкого языка для компаний по Skype,31.12.2019 8:30,Калашников
Урок в группе испанского языка для взрослых,29.08.2019 10:10,Калинин
Киноклуб итальянского языка для студентов,03.01.2019 18:50,Степанова
Урок в группе китайского языка для взрослых,09.04.2019 11:10,Горбачёв
Киноклуб французского языка для взрослых,31.12.2019 19:10,Ефимова
Киноклуб итальянского языка для студентов,17.10.2019 13:30,Лазарев
Индивидуальный урок немецкого языка с русскоязычным преподавателем,17.05.2019 13:30,Воронова
Урок в группе японского языка для школьников,23.11.2019 18:40,Морозов
Киноклуб португальского языка для детей,10.07.2019 15:30,Корнилова
Занятие с русскоязычным репетитором японского языка,09.06.2019 13:40,Колобова
Индивидуальный урок немецкого языка с русскоязычным преподавателем,09.01.2019 10:20,Ершов
Занятие с репетитором-носителем немецкого языка,15.08.2019 18:30,Лазарев
Киноклуб португальского языка для детей,15.07.2019 14:10,Евсеев
Урок в группе японского языка для школьников,31.12.2019 18:00,Киселёв
Урок в группе итальянского языка для взрослых,22.12.2019 9:20,Гущина
Киноклуб китайского языка для детей,28.12.2019 16:00,Горбачёв
Индивидуальный урок немецкого языка с русскоязычным преподавателем,26.06.2019 10:10,Калашников
Урок в группе французского языка для школьников,29.04.2019 12:40,Корнилова
Урок в группе французского языка для школьников,13.04.2019 9:00,Куликова
Урок в группе китайского языка для школьников,05.01.2019 16:00,Ершов
Занятие с русскоязычным репетитором японского языка,25.03.2019 18:20,Турова
Интенсивный курс с преподавателем-носителем английского языка для компаний,09.11.2019 18:50,Евсеев
Индивидуальный онлайн-урок немецкого языка по Skype,07.04.2019 10:40,Игнатов
Интенсивный онлайн-курс китайского языка для компаний по Skype,11.11.2019 18:50,Суворова
Киноклуб немецкого языка для взрослых,06.01.2019 15:00,Дмитриева
Урок в группе китайского языка для школьников,20.08.2019 19:10,Попова
Урок в группе китайского языка для школьников,16.04.2019 13:20,Блинов
Урок в группе немецкого языка для школьников,22.12.2019 15:10,Ефимова
Киноклуб португальского языка для детей,22.01.2019 16:50,Блохин
Интенсивный курс с преподавателем-носителем английского языка для компаний,04.09.2019 8:10,Костина
Киноклуб итальянского языка для детей,01.01.2019 14:50,Калинин
Урок в группе японского языка для школьников,29.01.2019 16:30,Федотова
Киноклуб английского языка для студентов,06.07.2019 11:30,Блохин
Занятие с русскоязычным репетитором английского языка,05.12.2019 10:20,Голубев
Урок в группе китайского языка для школьников,05.04.2019 13:20,Селиверстов
